-- Products module tables
-- Load initial testing data
-- (c) 2025 Lance Stubblefield

INSERT INTO products.optionsDefs(optValue, optType, optDesc)
VALUES ('Sandwich_Options', 1, 'Select your sandwich options.'),
       ('Bread', 2, 'What type of bread would you like?'),
       ('Burger_Meat', 2, 'How well would you like your protein cooked?'),
       ('Asian_Options', 2, 'Select your meal options.'),
       ('Mexican_Options', 2, 'Select your meal options.'),
       ('Italian_Options', 2, 'Select your meal options.'),
       ('Spiciness', 2, 'Select your meal options.'),
       ('Breakfast_Options', 1, 'Select your breakfast options.'),
       ('Breakfast_Side', 2, 'Choose a side.'),
       ('Lunch_Options', 1, 'Select your lunch options.'),
       ('Lunch_Side', 2, 'Choose a side.'),
       ('Dinner_Options', 1, 'Select your dinner options.'),
       ('Dinner_Side', 2, 'Choose a side.'),
       ('Cheese_Selection', 2, 'Choose your cheese.'),
       ('Protein_Selection', 2, 'Choose a protein'),
       ('Sauce', 2, 'Choose a sauce.'),
       ('Dressing', 2, 'Choose a dressing.'),
       ('Drink_Size', 2, 'Choose drink size'),
       ('Notes_Requests', 3, 'Enter custom request here.');

INSERT INTO products.optionsItems(fkvalue, optItemName, optItemDefault, optCost)
VALUES ('Sandwich_Options', 'Lettuce', 1, 0),
       ('Sandwich_Options', 'Tomato', 1, 0),
       ('Sandwich_Options', 'Onion', 2, 0),
       ('Sandwich_Options', 'Spicy Mustard', 2, 0.5),
       ('Burger_Meat', 'Rare', 2, 0),
       ('Burger_Meat', 'Medium', 1, 0),
       ('Burger_Meat', 'Medium-Well', 2, 0),
       ('Burger_Meat', 'Well Done', 2, 0),
       ('Bread', 'French', 2, 0),
       ('Bread', 'Sour Dough', 2, 0),
       ('Bread', 'Brioche', 1, 0),
       ('Bread', 'Rye', 2, 0),
       ('Bread', 'Whole Grain Wheat', 2, 0),
       ('Bread', 'Thick Tortilla', 2, 0),
       ('Asian_Options', 'Rice', 1, 0),
       ('Asian_Options', 'Noodles', 2, 0),
       ('Mexican_Options', 'Rice and Refried Beans', 1, 0),
       ('Mexican_Options', 'Salad and Black Beans', 2, 0),
       ('Mexican_Options', 'Chips, Salsa, and Guac', 2, 1),
       ('Italian_Options', 'Salad and Breadsticks', 1, 0),
       ('Italian_Options', 'Pizza Bread and Marinara ', 2, 1),
       ('Spiciness', 'Mild ', 1, 0),
       ('Spiciness', 'Medium ', 2, 0),
       ('Spiciness', 'Hot ', 2, 0),
       ('Breakfast_Options', 'Double Protein', 2, 2.5),
       ('Breakfast_Options', 'Coffee', 2, 3),
       ('Breakfast_Options', 'Syrup', 2, 0),
       ('Breakfast_Options', 'Fruit Jam', 2, 0),
       ('Breakfast_Options', 'Gravy', 2, 1),
       ('Breakfast_Side', 'Fruit', 2, 0),
       ('Breakfast_Side', 'Hashbrowns', 2, 0),
       ('Breakfast_Side', 'Pancakes', 2, 0),
       ('Lunch_Options', 'Pickle', 2, 0),
       ('Lunch_Options', 'Ketchup', 2, 0),
       ('Lunch_Side', 'Fries', 1, 0),
       ('Lunch_Side', 'Salad', 2, 0),
       ('Lunch_Side', 'Potato Salad', 2, 1),
       ('Lunch_Side', 'Soup', 2, 1),
       ('Lunch_Side', 'Tots', 2, 1),
       ('Lunch_Side', 'Onion Rings', 2, 1),
       ('Dinner_Options', 'Dinner Roll', 2, 0.50),
       ('Dinner_Options', 'Breadsticks', 2, 0.50),
       ('Dinner_Options', 'Pickle', 1, 0),
       ('Dinner_Side', 'Salad', 1, 0),
       ('Dinner_Side', 'Fries', 2, 0),
       ('Dinner_Side', 'Mashed Potatoes', 2, 0),
       ('Dinner_Side', 'Soup', 2, 0),
       ('Cheese_Selection', 'Cheddar', 1, 0),
       ('Cheese_Selection', 'American', 2, 0),
       ('Cheese_Selection', 'Swiss', 2, 0),
       ('Cheese_Selection', 'Bleu Cheese', 2, 0),
       ('Cheese_Selection', 'Vegan Cheddar', 2, 1),
       ('Protein_Selection', 'Ground Beef', 2, 0),
       ('Protein_Selection', 'Crispy Chicken', 2, 0),
       ('Protein_Selection', 'Tender Chicken', 2, 0),
       ('Protein_Selection', 'Impossible Burger', 2, 2),
       ('Sauce', 'Ranch', 1, 0),
       ('Sauce', 'Fry Sauce', 2, 0),
       ('Sauce', 'Honey Mustard', 2, 0),
       ('Sauce', 'Zesty Barbecue', 2, 0),
       ('Sauce', 'Salsa', 2, 1),
       ('Dressing', 'Thousand Island', 2, 0),
       ('Dressing', 'Ranch', 1, 0),
       ('Dressing', 'Italian', 2, 0),
       ('Drink_Size', 'Small', 2, 0),
       ('Drink_Size', 'Medium', 1, 1),
       ('Drink_Size', 'Large', 2, 2),
       ('Notes_Requests', 'Custom Request', 2, 0);

INSERT INTO products.list(productID, productName, productShort, productDesc,
                          productPrice, productImage, productCategory, productSubCategory, productTags, productDeleted, productDateAdded)
VALUES ('d867ac1f-4a62-4759-94d7-245ab65b059b', 'Barbecue Beef Over Rice', '',
        'Spicy beef tips in a smoky sauce with vegetables. Served over rice.', 9.95, '/images/barbecuebeef.webp',
        'ebe993da-245a-4b6b-9853-227e9610d8f9', '8c02b7e0-8fd3-4dc8-9019-e6b916349516', 'meat, gluten-free, savory, American', 'n',now()),
       ('5b06474c-f016-4554-99e3-f56962e8ec43', 'Barbecue Bacon Cheeseburger', '',
        'Classic flavor served on a brioche bun.', 18.95, '/images/barbecuebaconburger.webp"',
        '83b38dd7-18cd-4b06-9c8f-8923b5432bda', '8a1f0614-9c8d-47bd-9c89-461f6770a64f', 'meat, vegetarian, dairy, savory, American', 'n',now()),
       ('6dd422fb-eb6c-4463-91f5-652d121673e8', 'Bean and Cheese Burrito Meal', '',
        'Bean, cheese, onions, and salsa baked under cheese inside a flour tortilla. Served with rice and salad.',
        15.95, '/images/beanburrito.webp"', 'ebe993da-245a-4b6b-9853-227e9610d8f9',
        'ad21bdba-5fce-412f-944d-3fd48447a71b', 'vegetarian, dairy, spicy, Mexican', 'n',now()),
       ('351f127b-bf25-4150-997f-e8da9e9d4952', 'Breakfast Bagel', '',
        'Cheese, creamcheese, bacon, and egg served on a buttered bagel.', 6.95, '/images/breakfastbagel.webp',
        'b6a666ce-4bad-4ba3-bea6-21b252090533', 'fde3bd12-b5a3-4466-8667-edf0c5f08f44', 'meat, vegetarian, vegan dairy, savory, European', 'n',now()),
       ('e63018e2-e99e-4fa1-9527-a40acde0b4c3', 'Chicken Wet-tops', '',
        'Saucy chicken and veggies servied over tortilla chips.', 11.95, '/images/chickwettop.webp',
        'ebe993da-245a-4b6b-9853-227e9610d8f9', '8c02b7e0-8fd3-4dc8-9019-e6b916349516', 'meat, dairy, vegetarian, spicy, hot, European', 'n',now()),
       ('56ed2723-ffa1-49b8-932e-e17acda94f79', 'Cheese and Onion Enchiladas', '',
        'Cheese and Onion filled tortillas baked in a tomato sauce. Served with chips and rice.', 14.95,
        '/images/enchiladas.webp', 'ebe993da-245a-4b6b-9853-227e9610d8f9', '8c02b7e0-8fd3-4dc8-9019-e6b916349516', 'meat, dairy, vegetarian, spicy, hot, Mexican', 'n',now()),
       ('fc6ad4e6-9c37-4872-832a-f5d68b815fd2', 'Beef Gyro and Waffle Fries', '',
        'A Greek favorite. Roasted beef covered in tzatziki sauce and cabbage mix.', 14.95, '/images/gyro.webp',
        '83b38dd7-18cd-4b06-9c8f-8923b5432bda', 'e7521804-1d09-4e50-9f8d-c9e81c263eb9', 'meat, vegetarian, low-carb, spicy, Greek, European', 'n',now()),
       ('365cc0a6-ae88-473a-a272-dd345e72ebc8', 'Mini Taco Wrappers', '',
        'Mini tacos made inside crispy springroll wrappers.', 15.95, '/images/minitacos.webp',
        '83b38dd7-18cd-4b06-9c8f-8923b5432bda', '0d8d3b91-29f1-466b-8da9-949d2508521c', 'meat, dairy, vegetarian, spicy, hot, Fusion', 'n',now()),
       ('510d685c-ea2b-4f1d-943c-a59773d99614', 'Diet Oreo Coke', '',
        'Soon to be long forgotten. Not quite a favorite.', 3, '/images/oreocoke.webp',
        '71dd97ef-de40-4e85-a5c0-1bdddb24704e', '5e00c409-0e7b-41b5-b6d2-d1f698106a2b', 'low-carb, low-fat, gluten-free, sweet', 'n',now()),
       ('65f04ddd-af58-4912-a5b7-166dd0a4ce5c', 'Pepper Steak over Potatoes', '',
        'Mildly spicy black pepper sauce served over mashed garlic potatoes.', 10.95, '/images/peppersteak.webp',
        'ebe993da-245a-4b6b-9853-227e9610d8f9', '8c02b7e0-8fd3-4dc8-9019-e6b916349516', 'meat, gluten-free, spicy, savory, European', 'n',now()),
       ('e59667aa-286b-4a61-b21f-a4b78f93a4e5', 'Gravy and Potatoes', '',
        'Great twist on old favorite. Here the gravy is the star and the potatoes, the filler. Gravy is full of beef steak, onions, pepper and seasonings.',
        10.95, '/images/potatoesgravy.webp', 'ebe993da-245a-4b6b-9853-227e9610d8f9',
        '2aa8c54a-6d0c-4f17-bac8-bc7ce247b79a', 'meat, gluten-free, savory, American', 'n',now()),
       ('516883a9-ba29-4de7-95bc-5fa72cf021f8', 'Rolled Bean Tacos with Rice', '',
        'Bean and cheese rolled in a corn shell and deep fried to perfection. Served with spanish rice.', 14.95,
        '/images/rolledtacos.webp', '83b38dd7-18cd-4b06-9c8f-8923b5432bda', '8c02b7e0-8fd3-4dc8-9019-e6b916349516', 'meat, dairy, vegetarian, spicy, hot, Mexican', 'n',now()),
       ('603e0317-437e-45de-a760-59b01f7ea6db', 'Vegetable Spring Rolls', '',
        'Cabbage, onions, carrots filled in a springroll wrapper. Served with rice and sweet chili sauce.', 17.95,
        '/images/springrolls.webp', '83b38dd7-18cd-4b06-9c8f-8923b5432bda', '6e07c72a-c230-4e99-9596-6c91ec147363', 'meat, vegetarian, vegan, spicy, sweet, Asian, Chinese', 'n',now()),
       ('4c6bee37-acf9-4c16-91a5-c7ad1f884ba2', 'Super Nacho', '',
        'Huge plate of bean, taco meat, cheese, and veggie layers with chips to dip. Easily serves two. Served with a side of sour cream and our house-made guac.',
        12.95, '/images/supernacho.webp', '83b38dd7-18cd-4b06-9c8f-8923b5432bda',
        '0d8d3b91-29f1-466b-8da9-949d2508521c', 'meat, dairy, vegetarian, spicy, hot, Mexican', 'n',now()),
       ('203f97ec-0467-4a41-a632-a4b2a5538095', 'Taco Pizza', '',
        'Mexican favorite meets Italian favorite. Perfect blend of both. Feeds 2-4 people.', 21.95,
        '/images/tacopizza.webp', '83b38dd7-18cd-4b06-9c8f-8923b5432bda', '0d8d3b91-29f1-466b-8da9-949d2508521c', 'meat, dairy, vegetarian, spicy, Fusion, Mexican, Italian', 'n',now()),
       ('b02d356a-06aa-415d-8112-8f51fa7f0b59', 'Chicken Taco Platter', '',
        'Enough tacos for two. Share or keep for yourself. Served with our famous spanish rice.', 15,
        '/images/tacoplatter.webp', '83b38dd7-18cd-4b06-9c8f-8923b5432bda', '0d8d3b91-29f1-466b-8da9-949d2508521c', 'meat, dairy, spicy, hot, gluten-free, Mexican', 'n',now()),
       ('9d2a3adf-886a-4e46-8fbb-c9e2134d51ab', 'Beef Tacos and Waffle Fries', '',
        'Plenty of food if you''re hungry! Served with waffle fries.', 21.95, '/images/tacos.webp',
        '83b38dd7-18cd-4b06-9c8f-8923b5432bda', '0d8d3b91-29f1-466b-8da9-949d2508521c', 'meat, dairy, spicy, hot, gluten-free, Mexican', 'n',now()),
       ('79f749eb-1ecf-4812-899a-9f0c59dd8732', 'Taco Salad', '',
        'Taco toppings on tortilla chips with salsa, sour cream and house guac.', 16.95, '/images/tacosalad.webp',
        '83b38dd7-18cd-4b06-9c8f-8923b5432bda', '8a1f0614-9c8d-47bd-9c89-461f6770a64f', 'meat, dairy, vegetarian, vegan, spicy, hot, gluten-free, Mexican', 'n',now()),
       ('1fd07b6c-1b62-4d37-8a9d-c7f1cda8e6b1', 'Beef and Bean Tostadas for Two', '',
        'Beef, beans, cheese on crips tortillas with vegetables and sour cream.', 12.95, '/images/tostadas.webp',
        'ebe993da-245a-4b6b-9853-227e9610d8f9', '8c02b7e0-8fd3-4dc8-9019-e6b916349516', 'meat, dairy, spicy, hot, gluten-free, Mexican', 'n',now()),
       ('c9444e95-8aaa-4fee-8df6-89767f56fae0', 'Wet Pork Burrito', '',
        'Pork and cheese burrito baked in enchilada sauce. Served with corn on the cob and tater tots.', 17.95,
        '/images/wetburrito.webp', 'ebe993da-245a-4b6b-9853-227e9610d8f9', 'ad21bdba-5fce-412f-944d-3fd48447a71b', 'vegetarian, vegan, gluten-free, American', 'n',now()),
       ('6ed24460-520e-4d85-8a00-a8f68eb969f4', 'Cheesy Pasta', '', 'Very cheesy pasta!', 20, '/images/tacosalad.webp',
        'ebe993da-245a-4b6b-9853-227e9610d8f9', '2aa8c54a-6d0c-4f17-bac8-bc7ce247b79a', 'vegetarian, dairy, savory, Italian', 'n',now()),
       ('9691b777-8c5a-4c97-932f-a6c85dfb9912', 'Sausage and Rice', '', 'Mexican favorite!', 15,
        '/images/tacosalad.webp', 'b6a666ce-4bad-4ba3-bea6-21b252090533', 'fde3bd12-b5a3-4466-8667-edf0c5f08f44', 'meat, dairy, spicy, hot, gluten-free, Mexican', 'n',now()),
       ('a8cf191a-65c9-4af1-b2fd-6c7e864f92b1', 'French Toast', '', 'Probably not actually from France.', 42.59,
        '/images/tacosalad.webp', 'b6a666ce-4bad-4ba3-bea6-21b252090533', 'fde3bd12-b5a3-4466-8667-edf0c5f08f44', 'vegetarian, vegan, gluten-free, American, European', 'n',now()),
       ('1a1401e1-dbc0-46db-af4c-8a50438d3c85', 'Loaded Hashbrowns', '',
        'Julienned potatoes with all the toppings. I mean ALL THE TOPPINGS!', 19.99, '/images/tacosalad.webp',
        'b6a666ce-4bad-4ba3-bea6-21b252090533', '92fe5e22-d55d-486d-80b4-3559c04ad08e', 'vegetarian, vegan, gluten-free, American', 'n',now()),
       ('448fd97c-076f-4e32-a42a-e90dd74eb730', 'Cinnamon Brownie', '', 'Yum. Absolutely yum.', 8.45,
        '/images/tacosalad.webp', '6e008a71-3375-4839-aacf-f27a8e3c1521', 'b8704f24-5852-42af-91e4-13c944f8acbd', 'vegetarian, vegan, sweet, American', 'n',now());

-- INSERT INTO products.keywords(fkProduct, keyID)
-- VALUES ('d867ac1f-4a62-4759-94d7-245ab65b059b', 'ec097db1-b413-43e5-9495-945cb1ac83e0'),
--        ('d867ac1f-4a62-4759-94d7-245ab65b059b', '906eb015-da83-4b53-8ace-3b3e01fa47b1'),
--        ('d867ac1f-4a62-4759-94d7-245ab65b059b', '352d69f2-1daf-45fc-9ab5-55fa93843e37'),
--        ('d867ac1f-4a62-4759-94d7-245ab65b059b', '77e84df2-9407-4d52-8127-4f2a2961fb3b'),
--        ('d867ac1f-4a62-4759-94d7-245ab65b059b', '6993d2b6-62ad-419c-aa99-e4f67d3bd372'),
--        ('d867ac1f-4a62-4759-94d7-245ab65b059b', 'bd6d52b9-ff43-45b2-89ec-3da5b3749b77'),
--        ('d867ac1f-4a62-4759-94d7-245ab65b059b', 'ef6d159c-2a39-4e38-ae7e-9e0f8519b054'),
--        ('d867ac1f-4a62-4759-94d7-245ab65b059b', 'ba0bf540-e25f-4a9a-b251-9a793e6ee022'),
--        ('5b06474c-f016-4554-99e3-f56962e8ec43', '906eb015-da83-4b53-8ace-3b3e01fa47b1'),
--        ('5b06474c-f016-4554-99e3-f56962e8ec43', 'b8eb49f0-3b8f-4e73-b4bb-704c07af1aa0'),
--        ('5b06474c-f016-4554-99e3-f56962e8ec43', 'ec097db1-b413-43e5-9495-945cb1ac83e0'),
--        ('5b06474c-f016-4554-99e3-f56962e8ec43', 'b39d1387-2db8-44b2-a796-b535650a213f'),
--        ('5b06474c-f016-4554-99e3-f56962e8ec43', '128605d8-1a24-471a-ab5d-a4f3398e45db'),
--        ('6dd422fb-eb6c-4463-91f5-652d121673e8', '906eb015-da83-4b53-8ace-3b3e01fa47b1'),
--        ('6dd422fb-eb6c-4463-91f5-652d121673e8', 'b8eb49f0-3b8f-4e73-b4bb-704c07af1aa0'),
--        ('6dd422fb-eb6c-4463-91f5-652d121673e8', 'bd6d52b9-ff43-45b2-89ec-3da5b3749b77'),
--        ('6dd422fb-eb6c-4463-91f5-652d121673e8', '7a15a803-689b-48c1-80e6-ee83d9b49a5f'),
--        ('351f127b-bf25-4150-997f-e8da9e9d4952', 'ec097db1-b413-43e5-9495-945cb1ac83e0'),
--        ('351f127b-bf25-4150-997f-e8da9e9d4952', '906eb015-da83-4b53-8ace-3b3e01fa47b1'),
--        ('351f127b-bf25-4150-997f-e8da9e9d4952', '352d69f2-1daf-45fc-9ab5-55fa93843e37'),
--        ('351f127b-bf25-4150-997f-e8da9e9d4952', 'b8eb49f0-3b8f-4e73-b4bb-704c07af1aa0'),
--        ('351f127b-bf25-4150-997f-e8da9e9d4952', 'b39d1387-2db8-44b2-a796-b535650a213f'),
--        ('351f127b-bf25-4150-997f-e8da9e9d4952', '128605d8-1a24-471a-ab5d-a4f3398e45db'),
--        ('351f127b-bf25-4150-997f-e8da9e9d4952', '33e14fba-f4d4-4394-aa9b-1ad895fe6e09'),
--        ('e63018e2-e99e-4fa1-9527-a40acde0b4c3', 'ec097db1-b413-43e5-9495-945cb1ac83e0'),
--        ('e63018e2-e99e-4fa1-9527-a40acde0b4c3', 'b8eb49f0-3b8f-4e73-b4bb-704c07af1aa0'),
--        ('e63018e2-e99e-4fa1-9527-a40acde0b4c3', '659e9f51-7432-44e6-8bf5-b7beb6039fee'),
--        ('e63018e2-e99e-4fa1-9527-a40acde0b4c3', '77e84df2-9407-4d52-8127-4f2a2961fb3b'),
--        ('e63018e2-e99e-4fa1-9527-a40acde0b4c3', 'bd6d52b9-ff43-45b2-89ec-3da5b3749b77'),
--        ('e63018e2-e99e-4fa1-9527-a40acde0b4c3', 'a45acd55-d9f1-49b6-b298-0289a71713e5'),
--        ('e63018e2-e99e-4fa1-9527-a40acde0b4c3', '7a15a803-689b-48c1-80e6-ee83d9b49a5f'),
--        ('56ed2723-ffa1-49b8-932e-e17acda94f79', '906eb015-da83-4b53-8ace-3b3e01fa47b1'),
--        ('56ed2723-ffa1-49b8-932e-e17acda94f79', 'b8eb49f0-3b8f-4e73-b4bb-704c07af1aa0'),
--        ('56ed2723-ffa1-49b8-932e-e17acda94f79', 'b39d1387-2db8-44b2-a796-b535650a213f'),
--        ('56ed2723-ffa1-49b8-932e-e17acda94f79', 'bd6d52b9-ff43-45b2-89ec-3da5b3749b77'),
--        ('56ed2723-ffa1-49b8-932e-e17acda94f79', '7a15a803-689b-48c1-80e6-ee83d9b49a5f'),
--        ('fc6ad4e6-9c37-4872-832a-f5d68b815fd2', '35597aa2-13a8-4485-879a-8417f49aa63d'),
--        ('fc6ad4e6-9c37-4872-832a-f5d68b815fd2', 'ec097db1-b413-43e5-9495-945cb1ac83e0'),
--        ('fc6ad4e6-9c37-4872-832a-f5d68b815fd2', '906eb015-da83-4b53-8ace-3b3e01fa47b1'),
--        ('fc6ad4e6-9c37-4872-832a-f5d68b815fd2', 'b8eb49f0-3b8f-4e73-b4bb-704c07af1aa0'),
--        ('fc6ad4e6-9c37-4872-832a-f5d68b815fd2', '659e9f51-7432-44e6-8bf5-b7beb6039fee'),
--        ('fc6ad4e6-9c37-4872-832a-f5d68b815fd2', 'b39d1387-2db8-44b2-a796-b535650a213f'),
--        ('365cc0a6-ae88-473a-a272-dd345e72ebc8', 'ec097db1-b413-43e5-9495-945cb1ac83e0'),
--        ('365cc0a6-ae88-473a-a272-dd345e72ebc8', 'b8eb49f0-3b8f-4e73-b4bb-704c07af1aa0'),
--        ('365cc0a6-ae88-473a-a272-dd345e72ebc8', '659e9f51-7432-44e6-8bf5-b7beb6039fee'),
--        ('365cc0a6-ae88-473a-a272-dd345e72ebc8', '77e84df2-9407-4d52-8127-4f2a2961fb3b'),
--        ('365cc0a6-ae88-473a-a272-dd345e72ebc8', 'bd6d52b9-ff43-45b2-89ec-3da5b3749b77'),
--        ('365cc0a6-ae88-473a-a272-dd345e72ebc8', 'a45acd55-d9f1-49b6-b298-0289a71713e5'),
--        ('365cc0a6-ae88-473a-a272-dd345e72ebc8', '7a15a803-689b-48c1-80e6-ee83d9b49a5f'),
--        ('510d685c-ea2b-4f1d-943c-a59773d99614', '659e9f51-7432-44e6-8bf5-b7beb6039fee'),
--        ('510d685c-ea2b-4f1d-943c-a59773d99614', '77e84df2-9407-4d52-8127-4f2a2961fb3b'),
--        ('510d685c-ea2b-4f1d-943c-a59773d99614', '97c7a7b4-57e4-4319-b65a-33d6d3a58050'),
--        ('510d685c-ea2b-4f1d-943c-a59773d99614', '6993d2b6-62ad-419c-aa99-e4f67d3bd372'),
--        ('65f04ddd-af58-4912-a5b7-166dd0a4ce5c', 'ec097db1-b413-43e5-9495-945cb1ac83e0'),
--        ('65f04ddd-af58-4912-a5b7-166dd0a4ce5c', '92d247a7-8186-4d51-9d2b-258b34951286'),
--        ('65f04ddd-af58-4912-a5b7-166dd0a4ce5c', '33e14fba-f4d4-4394-aa9b-1ad895fe6e09'),
--        ('65f04ddd-af58-4912-a5b7-166dd0a4ce5c', '659e9f51-7432-44e6-8bf5-b7beb6039fee'),
--        ('65f04ddd-af58-4912-a5b7-166dd0a4ce5c', '77e84df2-9407-4d52-8127-4f2a2961fb3b'),
--        ('e59667aa-286b-4a61-b21f-a4b78f93a4e5', '906eb015-da83-4b53-8ace-3b3e01fa47b1'),
--        ('e59667aa-286b-4a61-b21f-a4b78f93a4e5', '128605d8-1a24-471a-ab5d-a4f3398e45db'),
--        ('516883a9-ba29-4de7-95bc-5fa72cf021f8', 'ec097db1-b413-43e5-9495-945cb1ac83e0'),
--        ('516883a9-ba29-4de7-95bc-5fa72cf021f8', 'b8eb49f0-3b8f-4e73-b4bb-704c07af1aa0'),
--        ('516883a9-ba29-4de7-95bc-5fa72cf021f8', '659e9f51-7432-44e6-8bf5-b7beb6039fee'),
--        ('516883a9-ba29-4de7-95bc-5fa72cf021f8', '77e84df2-9407-4d52-8127-4f2a2961fb3b'),
--        ('516883a9-ba29-4de7-95bc-5fa72cf021f8', 'bd6d52b9-ff43-45b2-89ec-3da5b3749b77'),
--        ('516883a9-ba29-4de7-95bc-5fa72cf021f8', 'a45acd55-d9f1-49b6-b298-0289a71713e5'),
--        ('516883a9-ba29-4de7-95bc-5fa72cf021f8', '7a15a803-689b-48c1-80e6-ee83d9b49a5f'),
--        ('603e0317-437e-45de-a760-59b01f7ea6db', '906eb015-da83-4b53-8ace-3b3e01fa47b1'),
--        ('603e0317-437e-45de-a760-59b01f7ea6db', '352d69f2-1daf-45fc-9ab5-55fa93843e37'),
--        ('603e0317-437e-45de-a760-59b01f7ea6db', 'ba0bf540-e25f-4a9a-b251-9a793e6ee022'),
--        ('603e0317-437e-45de-a760-59b01f7ea6db', 'ef6d159c-2a39-4e38-ae7e-9e0f8519b054'),
--        ('4c6bee37-acf9-4c16-91a5-c7ad1f884ba2', 'ec097db1-b413-43e5-9495-945cb1ac83e0'),
--        ('4c6bee37-acf9-4c16-91a5-c7ad1f884ba2', '906eb015-da83-4b53-8ace-3b3e01fa47b1'),
--        ('4c6bee37-acf9-4c16-91a5-c7ad1f884ba2', 'b8eb49f0-3b8f-4e73-b4bb-704c07af1aa0'),
--        ('4c6bee37-acf9-4c16-91a5-c7ad1f884ba2', '77e84df2-9407-4d52-8127-4f2a2961fb3b'),
--        ('4c6bee37-acf9-4c16-91a5-c7ad1f884ba2', 'b39d1387-2db8-44b2-a796-b535650a213f'),
--        ('4c6bee37-acf9-4c16-91a5-c7ad1f884ba2', 'bd6d52b9-ff43-45b2-89ec-3da5b3749b77'),
--        ('4c6bee37-acf9-4c16-91a5-c7ad1f884ba2', 'a45acd55-d9f1-49b6-b298-0289a71713e5'),
--        ('4c6bee37-acf9-4c16-91a5-c7ad1f884ba2', '7a15a803-689b-48c1-80e6-ee83d9b49a5f'),
--        ('203f97ec-0467-4a41-a632-a4b2a5538095', 'ec097db1-b413-43e5-9495-945cb1ac83e0'),
--        ('203f97ec-0467-4a41-a632-a4b2a5538095', '906eb015-da83-4b53-8ace-3b3e01fa47b1'),
--        ('203f97ec-0467-4a41-a632-a4b2a5538095', 'b8eb49f0-3b8f-4e73-b4bb-704c07af1aa0'),
--        ('203f97ec-0467-4a41-a632-a4b2a5538095', '77e84df2-9407-4d52-8127-4f2a2961fb3b'),
--        ('203f97ec-0467-4a41-a632-a4b2a5538095', 'b39d1387-2db8-44b2-a796-b535650a213f'),
--        ('203f97ec-0467-4a41-a632-a4b2a5538095', 'bd6d52b9-ff43-45b2-89ec-3da5b3749b77'),
--        ('203f97ec-0467-4a41-a632-a4b2a5538095', 'a45acd55-d9f1-49b6-b298-0289a71713e5'),
--        ('b02d356a-06aa-415d-8112-8f51fa7f0b59', '7a15a803-689b-48c1-80e6-ee83d9b49a5f'),
--        ('b02d356a-06aa-415d-8112-8f51fa7f0b59', 'ec097db1-b413-43e5-9495-945cb1ac83e0'),
--        ('b02d356a-06aa-415d-8112-8f51fa7f0b59', '906eb015-da83-4b53-8ace-3b3e01fa47b1'),
--        ('b02d356a-06aa-415d-8112-8f51fa7f0b59', 'b8eb49f0-3b8f-4e73-b4bb-704c07af1aa0'),
--        ('b02d356a-06aa-415d-8112-8f51fa7f0b59', '77e84df2-9407-4d52-8127-4f2a2961fb3b'),
--        ('b02d356a-06aa-415d-8112-8f51fa7f0b59', 'b39d1387-2db8-44b2-a796-b535650a213f'),
--        ('b02d356a-06aa-415d-8112-8f51fa7f0b59', 'bd6d52b9-ff43-45b2-89ec-3da5b3749b77'),
--        ('b02d356a-06aa-415d-8112-8f51fa7f0b59', 'a45acd55-d9f1-49b6-b298-0289a71713e5'),
--        ('b02d356a-06aa-415d-8112-8f51fa7f0b59', '7a15a803-689b-48c1-80e6-ee83d9b49a5f'),
--        ('9d2a3adf-886a-4e46-8fbb-c9e2134d51ab', 'ec097db1-b413-43e5-9495-945cb1ac83e0'),
--        ('9d2a3adf-886a-4e46-8fbb-c9e2134d51ab', '906eb015-da83-4b53-8ace-3b3e01fa47b1'),
--        ('9d2a3adf-886a-4e46-8fbb-c9e2134d51ab', 'b8eb49f0-3b8f-4e73-b4bb-704c07af1aa0'),
--        ('9d2a3adf-886a-4e46-8fbb-c9e2134d51ab', '77e84df2-9407-4d52-8127-4f2a2961fb3b'),
--        ('9d2a3adf-886a-4e46-8fbb-c9e2134d51ab', 'b39d1387-2db8-44b2-a796-b535650a213f'),
--        ('9d2a3adf-886a-4e46-8fbb-c9e2134d51ab', 'bd6d52b9-ff43-45b2-89ec-3da5b3749b77'),
--        ('9d2a3adf-886a-4e46-8fbb-c9e2134d51ab', 'a45acd55-d9f1-49b6-b298-0289a71713e5'),
--        ('9d2a3adf-886a-4e46-8fbb-c9e2134d51ab', '7a15a803-689b-48c1-80e6-ee83d9b49a5f'),
--        ('79f749eb-1ecf-4812-899a-9f0c59dd8732', 'ec097db1-b413-43e5-9495-945cb1ac83e0'),
--        ('79f749eb-1ecf-4812-899a-9f0c59dd8732', '906eb015-da83-4b53-8ace-3b3e01fa47b1'),
--        ('79f749eb-1ecf-4812-899a-9f0c59dd8732', 'b8eb49f0-3b8f-4e73-b4bb-704c07af1aa0'),
--        ('79f749eb-1ecf-4812-899a-9f0c59dd8732', '77e84df2-9407-4d52-8127-4f2a2961fb3b'),
--        ('79f749eb-1ecf-4812-899a-9f0c59dd8732', 'b39d1387-2db8-44b2-a796-b535650a213f'),
--        ('79f749eb-1ecf-4812-899a-9f0c59dd8732', 'bd6d52b9-ff43-45b2-89ec-3da5b3749b77'),
--        ('79f749eb-1ecf-4812-899a-9f0c59dd8732', 'a45acd55-d9f1-49b6-b298-0289a71713e5'),
--        ('79f749eb-1ecf-4812-899a-9f0c59dd8732', '7a15a803-689b-48c1-80e6-ee83d9b49a5f'),
--        ('1fd07b6c-1b62-4d37-8a9d-c7f1cda8e6b1', 'ec097db1-b413-43e5-9495-945cb1ac83e0'),
--        ('1fd07b6c-1b62-4d37-8a9d-c7f1cda8e6b1', '906eb015-da83-4b53-8ace-3b3e01fa47b1'),
--        ('1fd07b6c-1b62-4d37-8a9d-c7f1cda8e6b1', 'b8eb49f0-3b8f-4e73-b4bb-704c07af1aa0'),
--        ('1fd07b6c-1b62-4d37-8a9d-c7f1cda8e6b1', '77e84df2-9407-4d52-8127-4f2a2961fb3b'),
--        ('1fd07b6c-1b62-4d37-8a9d-c7f1cda8e6b1', 'b39d1387-2db8-44b2-a796-b535650a213f'),
--        ('1fd07b6c-1b62-4d37-8a9d-c7f1cda8e6b1', 'bd6d52b9-ff43-45b2-89ec-3da5b3749b77'),
--        ('1fd07b6c-1b62-4d37-8a9d-c7f1cda8e6b1', 'a45acd55-d9f1-49b6-b298-0289a71713e5'),
--        ('1fd07b6c-1b62-4d37-8a9d-c7f1cda8e6b1', '7a15a803-689b-48c1-80e6-ee83d9b49a5f'),
--        ('c9444e95-8aaa-4fee-8df6-89767f56fae0', 'ec097db1-b413-43e5-9495-945cb1ac83e0'),
--        ('c9444e95-8aaa-4fee-8df6-89767f56fae0', 'b8eb49f0-3b8f-4e73-b4bb-704c07af1aa0'),
--        ('c9444e95-8aaa-4fee-8df6-89767f56fae0', 'bd6d52b9-ff43-45b2-89ec-3da5b3749b77'),
--        ('c9444e95-8aaa-4fee-8df6-89767f56fae0', '7a15a803-689b-48c1-80e6-ee83d9b49a5f'),
--        ('c9444e95-8aaa-4fee-8df6-89767f56fae0', 'a45acd55-d9f1-49b6-b298-0289a71713e5'),
--        ('6ed24460-520e-4d85-8a00-a8f68eb969f4', '906eb015-da83-4b53-8ace-3b3e01fa47b1'),
--        ('6ed24460-520e-4d85-8a00-a8f68eb969f4', 'b8eb49f0-3b8f-4e73-b4bb-704c07af1aa0'),
--        ('6ed24460-520e-4d85-8a00-a8f68eb969f4', 'b39d1387-2db8-44b2-a796-b535650a213f'),
--        ('6ed24460-520e-4d85-8a00-a8f68eb969f4', '5c07bf3a-83c5-40dd-b5c8-14a0a31dcd87'),
--        ('9691b777-8c5a-4c97-932f-a6c85dfb9912', '33e14fba-f4d4-4394-aa9b-1ad895fe6e09'),
--        ('9691b777-8c5a-4c97-932f-a6c85dfb9912', 'ec097db1-b413-43e5-9495-945cb1ac83e0'),
--        ('9691b777-8c5a-4c97-932f-a6c85dfb9912', '77e84df2-9407-4d52-8127-4f2a2961fb3b'),
--        ('1a1401e1-dbc0-46db-af4c-8a50438d3c85', 'ec097db1-b413-43e5-9495-945cb1ac83e0'),
--        ('1a1401e1-dbc0-46db-af4c-8a50438d3c85', '906eb015-da83-4b53-8ace-3b3e01fa47b1'),
--        ('1a1401e1-dbc0-46db-af4c-8a50438d3c85', 'b8eb49f0-3b8f-4e73-b4bb-704c07af1aa0'),
--        ('1a1401e1-dbc0-46db-af4c-8a50438d3c85', '77e84df2-9407-4d52-8127-4f2a2961fb3b'),
--        ('1a1401e1-dbc0-46db-af4c-8a50438d3c85', 'b39d1387-2db8-44b2-a796-b535650a213f'),
--        ('1a1401e1-dbc0-46db-af4c-8a50438d3c85', '128605d8-1a24-471a-ab5d-a4f3398e45db'),
--        ('448fd97c-076f-4e32-a42a-e90dd74eb730', '6993d2b6-62ad-419c-aa99-e4f67d3bd372'),
--        ('448fd97c-076f-4e32-a42a-e90dd74eb730', '128605d8-1a24-471a-ab5d-a4f3398e45db'),
--        ('79f749eb-1ecf-4812-899a-9f0c59dd8732', '128605d8-1a24-471a-ab5d-a4f3398e45db'),
--        ('79f749eb-1ecf-4812-899a-9f0c59dd8732', '6993d2b6-62ad-419c-aa99-e4f67d3bd372');

INSERT INTO products.options(fkProduct, optID)
VALUES
    ('d867ac1f-4a62-4759-94d7-245ab65b059b', 'Dinner_Options'),
    ('d867ac1f-4a62-4759-94d7-245ab65b059b', 'Dinner_Side'),
    ('d867ac1f-4a62-4759-94d7-245ab65b059b', 'Protein_Selection'),
    ('5b06474c-f016-4554-99e3-f56962e8ec43', 'Bread'),
    ('5b06474c-f016-4554-99e3-f56962e8ec43', 'Burger_Meat'),
    ('5b06474c-f016-4554-99e3-f56962e8ec43', 'Lunch_Options'),
    ('5b06474c-f016-4554-99e3-f56962e8ec43', 'Lunch_Side'),
    ('5b06474c-f016-4554-99e3-f56962e8ec43', 'Notes_Requests'),
    ('6dd422fb-eb6c-4463-91f5-652d121673e8', 'Mexican_Options'),
    ('6dd422fb-eb6c-4463-91f5-652d121673e8', 'Lunch_Options'),
    ('351f127b-bf25-4150-997f-e8da9e9d4952', 'Bread'),
    ('351f127b-bf25-4150-997f-e8da9e9d4952', 'Breakfast_Options'),
    ('351f127b-bf25-4150-997f-e8da9e9d4952', 'Breakfast_Side'),
    ('351f127b-bf25-4150-997f-e8da9e9d4952', 'Protein_Selection'),
    ('e63018e2-e99e-4fa1-9527-a40acde0b4c3', 'Mexican_Options'),
    ('e63018e2-e99e-4fa1-9527-a40acde0b4c3', 'Spiciness'),
    ('56ed2723-ffa1-49b8-932e-e17acda94f79', 'Cheese_Selection'),
    ('56ed2723-ffa1-49b8-932e-e17acda94f79', 'Mexican_Options'),
    ('56ed2723-ffa1-49b8-932e-e17acda94f79', 'Spiciness'),
    ('fc6ad4e6-9c37-4872-832a-f5d68b815fd2', 'Sandwich_Options'),
    ('fc6ad4e6-9c37-4872-832a-f5d68b815fd2', 'Lunch_Options'),
    ('fc6ad4e6-9c37-4872-832a-f5d68b815fd2', 'Lunch_Side'),
    ('fc6ad4e6-9c37-4872-832a-f5d68b815fd2', 'Cheese_Selection'),
    ('fc6ad4e6-9c37-4872-832a-f5d68b815fd2', 'Protein_Selection'),
    ('365cc0a6-ae88-473a-a272-dd345e72ebc8', 'Mexican_Options'),
    ('365cc0a6-ae88-473a-a272-dd345e72ebc8', 'Spiciness'),
    ('365cc0a6-ae88-473a-a272-dd345e72ebc8', 'Cheese_Selection'),
    ('365cc0a6-ae88-473a-a272-dd345e72ebc8', 'Protein_Selection'),
    ('365cc0a6-ae88-473a-a272-dd345e72ebc8', 'Notes_Requests'),
    ('510d685c-ea2b-4f1d-943c-a59773d99614', 'Drink_Size'),
    ('65f04ddd-af58-4912-a5b7-166dd0a4ce5c', 'Dinner_Options'),
    ('65f04ddd-af58-4912-a5b7-166dd0a4ce5c', 'Dinner_Side'),
    ('65f04ddd-af58-4912-a5b7-166dd0a4ce5c', 'Protein_Selection'),
    ('65f04ddd-af58-4912-a5b7-166dd0a4ce5c', 'Notes_Requests'),
    ('e59667aa-286b-4a61-b21f-a4b78f93a4e5', 'Notes_Requests'),
    ('516883a9-ba29-4de7-95bc-5fa72cf021f8', 'Cheese_Selection'),
    ('516883a9-ba29-4de7-95bc-5fa72cf021f8', 'Protein_Selection'),
    ('516883a9-ba29-4de7-95bc-5fa72cf021f8', 'Mexican_Options'),
    ('516883a9-ba29-4de7-95bc-5fa72cf021f8', 'Spiciness'),
    ('516883a9-ba29-4de7-95bc-5fa72cf021f8', 'Dinner_Options'),
    ('603e0317-437e-45de-a760-59b01f7ea6db', 'Asian_Options'),
    ('603e0317-437e-45de-a760-59b01f7ea6db', 'Lunch_Options'),
    ('4c6bee37-acf9-4c16-91a5-c7ad1f884ba2', 'Cheese_Selection'),
    ('4c6bee37-acf9-4c16-91a5-c7ad1f884ba2', 'Protein_Selection'),
    ('4c6bee37-acf9-4c16-91a5-c7ad1f884ba2', 'Mexican_Options'),
    ('4c6bee37-acf9-4c16-91a5-c7ad1f884ba2', 'Spiciness'),
    ('4c6bee37-acf9-4c16-91a5-c7ad1f884ba2', 'Dinner_Options'),
    ('203f97ec-0467-4a41-a632-a4b2a5538095', 'Cheese_Selection'),
    ('203f97ec-0467-4a41-a632-a4b2a5538095', 'Protein_Selection'),
    ('203f97ec-0467-4a41-a632-a4b2a5538095', 'Mexican_Options'),
    ('203f97ec-0467-4a41-a632-a4b2a5538095', 'Spiciness'),
    ('203f97ec-0467-4a41-a632-a4b2a5538095', 'Lunch_Options'),
    ('b02d356a-06aa-415d-8112-8f51fa7f0b59', 'Cheese_Selection'),
    ('b02d356a-06aa-415d-8112-8f51fa7f0b59', 'Protein_Selection'),
    ('b02d356a-06aa-415d-8112-8f51fa7f0b59', 'Mexican_Options'),
    ('b02d356a-06aa-415d-8112-8f51fa7f0b59', 'Spiciness'),
    ('b02d356a-06aa-415d-8112-8f51fa7f0b59', 'Lunch_Options'),
    ('9d2a3adf-886a-4e46-8fbb-c9e2134d51ab', 'Cheese_Selection'),
    ('9d2a3adf-886a-4e46-8fbb-c9e2134d51ab', 'Protein_Selection'),
    ('9d2a3adf-886a-4e46-8fbb-c9e2134d51ab', 'Mexican_Options'),
    ('9d2a3adf-886a-4e46-8fbb-c9e2134d51ab', 'Spiciness'),
    ('9d2a3adf-886a-4e46-8fbb-c9e2134d51ab', 'Lunch_Options'),
    ('79f749eb-1ecf-4812-899a-9f0c59dd8732', 'Cheese_Selection'),
    ('79f749eb-1ecf-4812-899a-9f0c59dd8732', 'Protein_Selection'),
    ('79f749eb-1ecf-4812-899a-9f0c59dd8732', 'Mexican_Options'),
    ('79f749eb-1ecf-4812-899a-9f0c59dd8732', 'Spiciness'),
    ('79f749eb-1ecf-4812-899a-9f0c59dd8732', 'Lunch_Options'),
    ('79f749eb-1ecf-4812-899a-9f0c59dd8732', 'Dressing'),
    ('1fd07b6c-1b62-4d37-8a9d-c7f1cda8e6b1', 'Cheese_Selection'),
    ('1fd07b6c-1b62-4d37-8a9d-c7f1cda8e6b1', 'Protein_Selection'),
    ('1fd07b6c-1b62-4d37-8a9d-c7f1cda8e6b1', 'Mexican_Options'),
    ('1fd07b6c-1b62-4d37-8a9d-c7f1cda8e6b1', 'Spiciness'),
    ('1fd07b6c-1b62-4d37-8a9d-c7f1cda8e6b1', 'Dinner_Options'),
    ('c9444e95-8aaa-4fee-8df6-89767f56fae0', 'Cheese_Selection'),
    ('c9444e95-8aaa-4fee-8df6-89767f56fae0', 'Protein_Selection'),
    ('c9444e95-8aaa-4fee-8df6-89767f56fae0', 'Mexican_Options'),
    ('c9444e95-8aaa-4fee-8df6-89767f56fae0', 'Spiciness'),
    ('c9444e95-8aaa-4fee-8df6-89767f56fae0', 'Dinner_Options'),
    ('6ed24460-520e-4d85-8a00-a8f68eb969f4', 'Cheese_Selection'),
    ('6ed24460-520e-4d85-8a00-a8f68eb969f4', 'Lunch_Options'),
    ('6ed24460-520e-4d85-8a00-a8f68eb969f4', 'Protein_Selection'),
    ('6ed24460-520e-4d85-8a00-a8f68eb969f4', 'Lunch_Side'),
    ('9691b777-8c5a-4c97-932f-a6c85dfb9912', 'Breakfast_Options'),
    ('9691b777-8c5a-4c97-932f-a6c85dfb9912', 'Breakfast_Side'),
    ('a8cf191a-65c9-4af1-b2fd-6c7e864f92b1', 'Breakfast_Options'),
    ('a8cf191a-65c9-4af1-b2fd-6c7e864f92b1', 'Breakfast_Side'),
    ('1a1401e1-dbc0-46db-af4c-8a50438d3c85', 'Breakfast_Options'),
    ('1a1401e1-dbc0-46db-af4c-8a50438d3c85', 'Breakfast_Side'),
    ('448fd97c-076f-4e32-a42a-e90dd74eb730', 'Notes_Requests');

